[{"mtot_min": 9.96, "mtot_max": 235.0, "mtot_resolution": 200, "ratio_min": 0.1, "ratio_max": 1.0, "spin_max": 0.99, "ratio_resolution": 20, "sampling_frequency": 2048.0, "waveform_approximant": "IMRPhenomD", "minimum_frequency": 20.0, "reference_frequency": 20.0, "duration_max": null, "duration_min": null, "fixed_duration": null, "frequency_domain_source_model": "lal_binary_black_hole", "detector": "V1", "spin_resolution": 10, "psds_first_5_last_5_elements": [[10.0, 10.0231, 10.0462, 10.0693, 10.0926, 9908.29, 9931.14, 9954.04, 9976.99, 10000.0], [1.22674e-42, 1.204e-42, 1.18169e-42, 1.15981e-42, 1.13834e-42, 1.49902e-43, 1.50601e-43, 1.51304e-43, 1.5201e-43, 1.52719e-43]], "detector_tensor": [[0.243874, -0.0990838, -0.232576], [-0.0990838, -0.447826, 0.187833], [-0.232576, 0.187833, 0.203952]]}]