[{"mtot_min": 9.96, "mtot_max": 235.0, "mtot_resolution": 200, "ratio_min": 0.1, "ratio_max": 1.0, "spin_max": 0.99, "ratio_resolution": 20, "sampling_frequency": 2048.0, "waveform_approximant": "IMRPhenomD", "minimum_frequency": 20.0, "reference_frequency": 20.0, "duration_max": null, "duration_min": null, "fixed_duration": null, "frequency_domain_source_model": "lal_binary_black_hole", "detector": "V1", "psds": "[array([   10.      ,    10.02306 ,    10.046173, ...,\n        9954.0389  ,  9976.993   , 10000.      ]), array([1.22674387e-42, 1.20400299e-42, 1.18169466e-42, ...,\n       1.51304203e-43, 1.52010157e-43, 1.52719372e-43])]", "detector_tensor": "[[ 0.24387404 -0.09908378 -0.23257622]\n [-0.09908378 -0.44782584  0.1878331 ]\n [-0.23257622  0.1878331   0.2039518 ]]", "spin_resolution": 10}, {"mtot_min": 9.96, "mtot_max": 235.0, "mtot_resolution": 200, "ratio_min": 0.1, "ratio_max": 1.0, "spin_max": 0.99, "ratio_resolution": 20, "sampling_frequency": 2048.0, "waveform_approximant": "IMRPhenomD", "minimum_frequency": 20.0, "reference_frequency": 20.0, "duration_max": null, "duration_min": null, "fixed_duration": null, "frequency_domain_source_model": "lal_binary_black_hole", "detector": "V1", "psds": "[array([   10.      ,    10.02306 ,    10.046173, ...,\n        9954.0389  ,  9976.993   , 10000.      ], shape=(3000,)), array([1.22674387e-42, 1.20400299e-42, 1.18169466e-42, ...,\n       1.51304203e-43, 1.52010157e-43, 1.52719372e-43],\n      shape=(3000,))]", "detector_tensor": "[[ 0.24387404 -0.09908378 -0.23257622]\n [-0.09908378 -0.44782584  0.1878331 ]\n [-0.23257622  0.1878331   0.2039518 ]]", "spin_resolution": 10}]