[{"mtot_min": 9.96, "mtot_max": 235.0, "mtot_resolution": 200, "ratio_min": 0.1, "ratio_max": 1.0, "spin_max": 0.99, "ratio_resolution": 20, "sampling_frequency": 2048.0, "waveform_approximant": "IMRPhenomD", "minimum_frequency": 20.0, "reference_frequency": 20.0, "duration_max": null, "duration_min": null, "fixed_duration": null, "frequency_domain_source_model": "lal_binary_black_hole", "detector": "L1", "spin_resolution": 10, "psds_first_5_last_5_elements": [[10.2166, 10.2398, 10.263, 10.2862, 10.3095, 4950.34, 4961.56, 4972.81, 4984.08, 4995.38], [4.43926e-41, 4.22778e-41, 4.02103e-41, 3.81902e-41, 3.62173e-41, 6.1493e-46, 6.35727e-46, 6.51154e-46, 6.43165e-46, 6.55253e-46]], "detector_tensor": [[0.411281, 0.14021, 0.247295], [0.14021, -0.109006, -0.181616], [0.247295, -0.181616, -0.302275]]}]